"Week","Day","Date","Game_Time","Matchup","Away_Team","Home_Team","Stadium","City","Latitude","Longitude","TimeZone","Station_ICAO","Dome","Surface","Network","Field_Orientation"
"1","Wednesday","September 09, 2026","8:20 PM","NE @ SEA","NE","SEA","Lumen Field","Seattle","47.5952","-122.3316","America/Los_Angeles","KSEA","FALSE","FieldTurf","NBC","170"
"1","Thursday","September 10, 2026","8:35 PM","SF @ LA","SF","LA","Melbourne Cricket Ground","Melbourne","-37.8199","144.9834","Australia/Melbourne","YMML","FALSE","Grass","Netflix","163"
"1","Sunday","September 13, 2026","1:00 PM","CHI @ CAR","CHI","CAR","Bank of America Stadium","Charlotte","35.2258","-80.8528","America/New_York","KCLT","FALSE","FieldTurf","FOX","8"
"1","Sunday","September 13, 2026","1:00 PM","TB @ CIN","TB","CIN","Paycor Stadium","Cincinnati","39.0954","-84.516","America/New_York","KCVG","FALSE","FieldTurf","CBS","11"
"1","Sunday","September 13, 2026","1:00 PM","NO @ DET","NO","DET","Ford Field","Detroit","42.34","-83.0456","America/New_York","KDTW","TRUE","FieldTurf","FOX",""
"1","Sunday","September 13, 2026","1:00 PM","BUF @ HOU","BUF","HOU","NRG Stadium","Houston","29.6847","-95.4107","America/Chicago","KHOU","TRUE","Hellas Matrix Turf","CBS",""
"1","Sunday","September 13, 2026","1:00 PM","BAL @ IND","BAL","IND","Lucas Oil Stadium","Indianapolis","39.7601","-86.1639","America/Indiana/Indianapolis","KIND","TRUE","Shaw Sports Turf","CBS",""
"1","Sunday","September 13, 2026","1:00 PM","CLE @ JAX","CLE","JAX","EverBank Stadium","Jacksonville","30.3239","-81.6373","America/New_York","KJAX","FALSE","Bermuda Grass","CBS","0"
"1","Sunday","September 13, 2026","1:00 PM","ATL @ PIT","ATL","PIT","Acrisure Stadium","Pittsburgh","40.4468","-80.0158","America/New_York","KPIT","FALSE","Kentucky Bluegrass","FOX","28"
"1","Sunday","September 13, 2026","1:00 PM","NYJ @ TEN","NYJ","TEN","Nissan Stadium","Nashville","36.1665","-86.7713","America/New_York","KBNA","FALSE","Bermuda Grass","CBS","12"
"1","Sunday","September 13, 2026","4:25 PM","ARI @ LAC","ARI","LAC","SoFi Stadium","Inglewood","33.9535","-118.3392","America/Los_Angeles","KLAX","TRUE","Hellas Matrix Turf","CBS",""
"1","Sunday","September 13, 2026","4:25 PM","MIA @ LV","MIA","LV","Allegiant Stadium","Las Vegas","36.0908","-115.1837","America/Los_Angeles","KLAS","TRUE","Bermuda Grass","CBS",""
"1","Sunday","September 13, 2026","4:25 PM","GB @ MIN","GB","MIN","U.S. Bank Stadium","Minneapolis","44.9736","-93.2582","America/Chicago","KMSP","TRUE","UBU Speed Series","FOX",""
"1","Sunday","September 13, 2026","4:25 PM","WAS @ PHI","WAS","PHI","Lincoln Financial Field","Philadelphia","39.9008","-75.1675","America/New_York","KPHL","FALSE","Hybrid Grass","FOX","63"
"1","Sunday","September 13, 2026","8:20 PM","DAL @ NYG","DAL","NYG","MetLife Stadium","East Rutherford","40.8135","-74.0745","America/New_York","KEWR","FALSE","FieldTurf","NBC","22"
"1","Monday","September 14, 2026","8:15 PM","DEN @ KC","DEN","KC","GEHA Field at Arrowhead Stadium","Kansas City","39.0489","-94.4839","America/Chicago","KMCI","FALSE","Bermuda Grass","ESPN","21"
"2","Thursday","September 17, 2026","8:15 PM","DET @ BUF","DET","BUF","Highmark Stadium","Orchard Park","42.7737","-78.7869","America/New_York","KBUF","FALSE","A-Turf Titan 50","Prime Video","47"
"2","Sunday","September 20, 2026","1:00 PM","CAR @ ATL","CAR","ATL","Mercedes-Benz Stadium","Atlanta","33.7553","-84.4003","America/New_York","KATL","TRUE","FieldTurf","FOX",""
"2","Sunday","September 20, 2026","1:00 PM","NO @ BAL","NO","BAL","M&T Bank Stadium","Baltimore","39.2781","-76.6228","America/New_York","KBWI","FALSE","FieldTurf","FOX","22"
"2","Sunday","September 20, 2026","1:00 PM","MIN @ CHI","MIN","CHI","Soldier Field","Chicago","41.8623","-87.6167","America/Chicago","KMDW","FALSE","Kentucky Bluegrass","FOX","0"
"2","Sunday","September 20, 2026","1:00 PM","CIN @ HOU","CIN","HOU","NRG Stadium","Houston","29.6847","-95.4107","America/Chicago","KHOU","TRUE","Hellas Matrix Turf","CBS",""
"2","Sunday","September 20, 2026","1:00 PM","PIT @ NE","PIT","NE","Gillette Stadium","Foxborough","42.0909","-71.2643","America/New_York","KOWD","FALSE","Grass","CBS","22"
"2","Sunday","September 20, 2026","1:00 PM","GB @ NYJ","GB","NYJ","MetLife Stadium","East Rutherford","40.8135","-74.0745","America/New_York","KEWR","FALSE","FieldTurf","FOX","22"
"2","Sunday","September 20, 2026","1:00 PM","CLE @ TB","CLE","TB","Raymond James Stadium","Tampa","27.9759","-82.5033","America/New_York","KTPA","FALSE","Bermuda Grass","CBS","14"
"2","Sunday","September 20, 2026","1:00 PM","PHI @ TEN","PHI","TEN","Nissan Stadium","Nashville","36.1665","-86.7713","America/New_York","KBNA","FALSE","Bermuda Grass","FOX","12"
"2","Sunday","September 20, 2026","4:05 PM","JAX @ DEN","JAX","DEN","Empower Field at Mile High","Denver","39.7439","-105.0201","America/Denver","KDEN","FALSE","Kentucky Bluegrass","CBS","11"
"2","Sunday","September 20, 2026","4:05 PM","LV @ LAC","LV","LAC","SoFi Stadium","Inglewood","33.9535","-118.3392","America/Los_Angeles","KLAX","TRUE","Hellas Matrix Turf","CBS",""
"2","Sunday","September 20, 2026","4:25 PM","SEA @ ARI","SEA","ARI","State Farm Stadium","Glendale","33.5276","-112.2626","America/Phoenix","KPHX","TRUE","Grass","FOX",""
"2","Sunday","September 20, 2026","4:25 PM","WAS @ DAL","WAS","DAL","AT&T Stadium","Arlington","32.7479","-97.0929","America/Chicago","KGKY","TRUE","Hellas Matrix Turf","FOX",""
"2","Sunday","September 20, 2026","4:25 PM","MIA @ SF","MIA","SF","Levi's Stadium","Santa Clara","37.4033","-121.9697","America/Los_Angeles","KSJC","FALSE","Bermuda Grass","FOX","136"
"2","Sunday","September 20, 2026","8:20 PM","IND @ KC","IND","KC","GEHA Field at Arrowhead Stadium","Kansas City","39.0489","-94.4839","America/Chicago","KMCI","FALSE","Bermuda Grass","NBC","21"
"2","Monday","September 21, 2026","8:15 PM","NYG @ LA","NYG","LA","SoFi Stadium","Inglewood","33.9535","-118.3392","America/Los_Angeles","KLAX","TRUE","Hellas Matrix Turf","ESPN",""
"3","Thursday","September 24, 2026","8:15 PM","ATL @ GB","ATL","GB","Lambeau Field","Green Bay","44.5013","-88.0622","America/Chicago","KGRB","FALSE","SISGrass (Hybrid)","Prime Video","0"
"3","Sunday","September 27, 2026","1:00 PM","LAC @ BUF","LAC","BUF","Highmark Stadium","Orchard Park","42.7737","-78.7869","America/New_York","KBUF","FALSE","A-Turf Titan 50","CBS","47"
"3","Sunday","September 27, 2026","1:00 PM","CAR @ CLE","CAR","CLE","Huntington Bank Field","Cleveland","41.5061","-81.6995","America/New_York","KCLE","FALSE","Kentucky Bluegrass","FOX","168"
"3","Sunday","September 27, 2026","1:00 PM","NYJ @ DET","NYJ","DET","Ford Field","Detroit","42.34","-83.0456","America/New_York","KDTW","TRUE","FieldTurf","CBS",""
"3","Sunday","September 27, 2026","1:00 PM","HOU @ IND","HOU","IND","Lucas Oil Stadium","Indianapolis","39.7601","-86.1639","America/Indiana/Indianapolis","KIND","TRUE","Shaw Sports Turf","CBS",""
"3","Sunday","September 27, 2026","1:00 PM","NE @ JAX","NE","JAX","EverBank Stadium","Jacksonville","30.3239","-81.6373","America/New_York","KJAX","FALSE","Bermuda Grass","CBS","0"
"3","Sunday","September 27, 2026","1:00 PM","KC @ MIA","KC","MIA","Hard Rock Stadium","Miami Gardens","25.958","-80.2389","America/New_York","KOPF","FALSE","Bermuda Grass","CBS","19"
"3","Sunday","September 27, 2026","1:00 PM","TEN @ NYG","TEN","NYG","MetLife Stadium","East Rutherford","40.8135","-74.0745","America/New_York","KEWR","FALSE","FieldTurf","CBS","22"
"3","Sunday","September 27, 2026","1:00 PM","CIN @ PIT","CIN","PIT","Acrisure Stadium","Pittsburgh","40.4468","-80.0158","America/New_York","KPIT","FALSE","Kentucky Bluegrass","FOX","28"
"3","Sunday","September 27, 2026","1:00 PM","SEA @ WAS","SEA","WAS","Northwest Stadium","Landover","38.9077","-76.8645","America/New_York","KDCA","FALSE","Bermuda Grass","FOX","77"
"3","Sunday","September 27, 2026","4:05 PM","ARI @ SF","ARI","SF","Levi's Stadium","Santa Clara","37.4033","-121.9697","America/Los_Angeles","KSJC","FALSE","Bermuda Grass","FOX","136"
"3","Sunday","September 27, 2026","4:05 PM","MIN @ TB","MIN","TB","Raymond James Stadium","Tampa","27.9759","-82.5033","America/New_York","KTPA","FALSE","Bermuda Grass","FOX","14"
"3","Sunday","September 27, 2026","4:25 PM","BAL @ DAL","BAL","DAL","Maracana Stadium","Rio de Janeiro","-22.9121","-43.2302","America/Sao_Paulo","SBRJ","FALSE","Grass","FOX","0"
"3","Sunday","September 27, 2026","4:25 PM","LV @ NO","LV","NO","Caesars Superdome","New Orleans","29.951","-90.0812","America/Chicago","KMSY","TRUE","FieldTurf","CBS",""
"3","Sunday","September 27, 2026","8:20 PM","LA @ DEN","LA","DEN","Empower Field at Mile High","Denver","39.7439","-105.0201","America/Denver","KDEN","FALSE","Kentucky Bluegrass","NBC","11"
"3","Monday","September 28, 2026","8:15 PM","PHI @ CHI","PHI","CHI","Soldier Field","Chicago","41.8623","-87.6167","America/Chicago","KMDW","FALSE","Kentucky Bluegrass","ESPN","0"
"4","Thursday","October 01, 2026","8:15 PM","PIT @ CLE","PIT","CLE","Huntington Bank Field","Cleveland","41.5061","-81.6995","America/New_York","KCLE","FALSE","Kentucky Bluegrass","Prime Video","168"
"4","Sunday","October 04, 2026","9:30 AM","IND @ WAS","IND","WAS","Tottenham Hotspur Stadium","London","51.6044","-0.0661","Europe/London","EGLC","FALSE","Hybrid Grass","NFL Network","0"
"4","Sunday","October 04, 2026","1:00 PM","TEN @ BAL","TEN","BAL","M&T Bank Stadium","Baltimore","39.2781","-76.6228","America/New_York","KBWI","FALSE","FieldTurf","CBS","22"
"4","Sunday","October 04, 2026","1:00 PM","NE @ BUF","NE","BUF","Highmark Stadium","Orchard Park","42.7737","-78.7869","America/New_York","KBUF","FALSE","A-Turf Titan 50","CBS","47"
"4","Sunday","October 04, 2026","1:00 PM","NYJ @ CHI","NYJ","CHI","Soldier Field","Chicago","41.8623","-87.6167","America/Chicago","KMDW","FALSE","Kentucky Bluegrass","CBS","0"
"4","Sunday","October 04, 2026","1:00 PM","JAX @ CIN","JAX","CIN","Paycor Stadium","Cincinnati","39.0954","-84.516","America/New_York","KCVG","FALSE","FieldTurf","FOX","11"
"4","Sunday","October 04, 2026","1:00 PM","DAL @ HOU","DAL","HOU","NRG Stadium","Houston","29.6847","-95.4107","America/Chicago","KHOU","TRUE","Hellas Matrix Turf","FOX",""
"4","Sunday","October 04, 2026","1:00 PM","ARI @ NYG","ARI","NYG","MetLife Stadium","East Rutherford","40.8135","-74.0745","America/New_York","KEWR","FALSE","FieldTurf","FOX","22"
"4","Sunday","October 04, 2026","1:00 PM","LA @ PHI","LA","PHI","Lincoln Financial Field","Philadelphia","39.9008","-75.1675","America/New_York","KPHL","FALSE","Hybrid Grass","FOX","63"
"4","Sunday","October 04, 2026","1:00 PM","GB @ TB","GB","TB","Raymond James Stadium","Tampa","27.9759","-82.5033","America/New_York","KTPA","FALSE","Bermuda Grass","FOX","14"
"4","Sunday","October 04, 2026","4:05 PM","MIA @ MIN","MIA","MIN","U.S. Bank Stadium","Minneapolis","44.9736","-93.2582","America/Chicago","KMSP","TRUE","UBU Speed Series","FOX",""
"4","Sunday","October 04, 2026","4:25 PM","KC @ LV","KC","LV","Allegiant Stadium","Las Vegas","36.0908","-115.1837","America/Los_Angeles","KLAS","TRUE","Bermuda Grass","CBS",""
"4","Sunday","October 04, 2026","4:25 PM","LAC @ SEA","LAC","SEA","Lumen Field","Seattle","47.5952","-122.3316","America/Los_Angeles","KSEA","FALSE","FieldTurf","CBS","170"
"4","Sunday","October 04, 2026","4:25 PM","DEN @ SF","DEN","SF","Levi's Stadium","Santa Clara","37.4033","-121.9697","America/Los_Angeles","KSJC","FALSE","Bermuda Grass","CBS","136"
"4","Sunday","October 04, 2026","8:20 PM","DET @ CAR","DET","CAR","Bank of America Stadium","Charlotte","35.2258","-80.8528","America/New_York","KCLT","FALSE","FieldTurf","NBC","8"
"4","Monday","October 05, 2026","8:15 PM","ATL @ NO","ATL","NO","Caesars Superdome","New Orleans","29.951","-90.0812","America/Chicago","KMSY","TRUE","FieldTurf","ESPN",""
"5","Thursday","October 08, 2026","8:15 PM","TB @ DAL","TB","DAL","AT&T Stadium","Arlington","32.7479","-97.0929","America/Chicago","KGKY","TRUE","Hellas Matrix Turf","Prime Video",""
"5","Sunday","October 11, 2026","9:30 AM","PHI @ JAX","PHI","JAX","Tottenham Hotspur Stadium","London","51.6044","-0.0661","Europe/London","EGLC","FALSE","Hybrid Grass","NFL Network","0"
"5","Sunday","October 11, 2026","1:00 PM","CIN @ MIA","CIN","MIA","Hard Rock Stadium","Miami Gardens","25.958","-80.2389","America/New_York","KOPF","FALSE","Bermuda Grass","CBS","19"
"5","Sunday","October 11, 2026","1:00 PM","LV @ NE","LV","NE","Gillette Stadium","Foxborough","42.0909","-71.2643","America/New_York","KOWD","FALSE","Grass","CBS","22"
"5","Sunday","October 11, 2026","1:00 PM","MIN @ NO","MIN","NO","Caesars Superdome","New Orleans","29.951","-90.0812","America/Chicago","KMSY","TRUE","FieldTurf","FOX",""
"5","Sunday","October 11, 2026","1:00 PM","CLE @ NYJ","CLE","NYJ","MetLife Stadium","East Rutherford","40.8135","-74.0745","America/New_York","KEWR","FALSE","FieldTurf","CBS","22"
"5","Sunday","October 11, 2026","1:00 PM","IND @ PIT","IND","PIT","Acrisure Stadium","Pittsburgh","40.4468","-80.0158","America/New_York","KPIT","FALSE","Kentucky Bluegrass","CBS","28"
"5","Sunday","October 11, 2026","1:00 PM","HOU @ TEN","HOU","TEN","Nissan Stadium","Nashville","36.1665","-86.7713","America/New_York","KBNA","FALSE","Bermuda Grass","CBS","12"
"5","Sunday","October 11, 2026","1:00 PM","NYG @ WAS","NYG","WAS","Northwest Stadium","Landover","38.9077","-76.8645","America/New_York","KDCA","FALSE","Bermuda Grass","FOX","77"
"5","Sunday","October 11, 2026","4:05 PM","DEN @ LAC","DEN","LAC","SoFi Stadium","Inglewood","33.9535","-118.3392","America/Los_Angeles","KLAX","TRUE","Hellas Matrix Turf","CBS",""
"5","Sunday","October 11, 2026","4:25 PM","DET @ ARI","DET","ARI","State Farm Stadium","Glendale","33.5276","-112.2626","America/Phoenix","KPHX","TRUE","Grass","FOX",""
"5","Sunday","October 11, 2026","4:25 PM","CHI @ GB","CHI","GB","Lambeau Field","Green Bay","44.5013","-88.0622","America/Chicago","KGRB","FALSE","SISGrass (Hybrid)","FOX","0"
"5","Sunday","October 11, 2026","4:25 PM","SF @ SEA","SF","SEA","Lumen Field","Seattle","47.5952","-122.3316","America/Los_Angeles","KSEA","FALSE","FieldTurf","FOX","170"
"5","Sunday","October 11, 2026","8:20 PM","BAL @ ATL","BAL","ATL","Mercedes-Benz Stadium","Atlanta","33.7553","-84.4003","America/New_York","KATL","TRUE","FieldTurf","NBC",""
"5","Monday","October 12, 2026","8:15 PM","BUF @ LA","BUF","LA","SoFi Stadium","Inglewood","33.9535","-118.3392","America/Los_Angeles","KLAX","TRUE","Hellas Matrix Turf","ESPN",""
"6","Thursday","October 15, 2026","8:15 PM","SEA @ DEN","SEA","DEN","Empower Field at Mile High","Denver","39.7439","-105.0201","America/Denver","KDEN","FALSE","Kentucky Bluegrass","Prime Video","11"
"6","Sunday","October 18, 2026","9:30 AM","HOU @ JAX","HOU","JAX","Wembley Stadium","London","51.556","-0.2797","Europe/London","EGLL","FALSE","Hybrid Grass","NFL Network","117"
"6","Sunday","October 18, 2026","1:00 PM","CHI @ ATL","CHI","ATL","Mercedes-Benz Stadium","Atlanta","33.7553","-84.4003","America/New_York","KATL","TRUE","FieldTurf","FOX",""
"6","Sunday","October 18, 2026","1:00 PM","BAL @ CLE","BAL","CLE","Huntington Bank Field","Cleveland","41.5061","-81.6995","America/New_York","KCLE","FALSE","Kentucky Bluegrass","CBS","168"
"6","Sunday","October 18, 2026","1:00 PM","TEN @ IND","TEN","IND","Lucas Oil Stadium","Indianapolis","39.7601","-86.1639","America/Indiana/Indianapolis","KIND","TRUE","Shaw Sports Turf","CBS",""
"6","Sunday","October 18, 2026","1:00 PM","NYJ @ NE","NYJ","NE","Gillette Stadium","Foxborough","42.0909","-71.2643","America/New_York","KOWD","FALSE","Grass","CBS","22"
"6","Sunday","October 18, 2026","1:00 PM","NO @ NYG","NO","NYG","MetLife Stadium","East Rutherford","40.8135","-74.0745","America/New_York","KEWR","FALSE","FieldTurf","FOX","22"
"6","Sunday","October 18, 2026","1:00 PM","CAR @ PHI","CAR","PHI","Lincoln Financial Field","Philadelphia","39.9008","-75.1675","America/New_York","KPHL","FALSE","Hybrid Grass","FOX","63"
"6","Sunday","October 18, 2026","1:00 PM","PIT @ TB","PIT","TB","Raymond James Stadium","Tampa","27.9759","-82.5033","America/New_York","KTPA","FALSE","Bermuda Grass","CBS","14"
"6","Sunday","October 18, 2026","4:05 PM","ARI @ LA","ARI","LA","SoFi Stadium","Inglewood","33.9535","-118.3392","America/Los_Angeles","KLAX","TRUE","Hellas Matrix Turf","FOX",""
"6","Sunday","October 18, 2026","4:25 PM","LAC @ KC","LAC","KC","GEHA Field at Arrowhead Stadium","Kansas City","39.0489","-94.4839","America/Chicago","KMCI","FALSE","Bermuda Grass","CBS","21"
"6","Sunday","October 18, 2026","4:25 PM","BUF @ LV","BUF","LV","Allegiant Stadium","Las Vegas","36.0908","-115.1837","America/Los_Angeles","KLAS","TRUE","Bermuda Grass","CBS",""
"6","Sunday","October 18, 2026","8:20 PM","DAL @ GB","DAL","GB","Lambeau Field","Green Bay","44.5013","-88.0622","America/Chicago","KGRB","FALSE","SISGrass (Hybrid)","NBC","0"
"6","Monday","October 19, 2026","8:15 PM","WAS @ SF","WAS","SF","Levi's Stadium","Santa Clara","37.4033","-121.9697","America/Los_Angeles","KSJC","FALSE","Bermuda Grass","ESPN","136"
"7","Thursday","October 22, 2026","8:15 PM","NE @ CHI","NE","CHI","Soldier Field","Chicago","41.8623","-87.6167","America/Chicago","KMDW","FALSE","Kentucky Bluegrass","Prime Video","0"
"7","Sunday","October 25, 2026","9:30 AM","PIT @ NO","PIT","NO","Stade de France","Paris","48.9244","2.3601","Europe/Paris","LFPG","FALSE","Grass","NFL Network","0"
"7","Sunday","October 25, 2026","1:00 PM","SF @ ATL","SF","ATL","Mercedes-Benz Stadium","Atlanta","33.7553","-84.4003","America/New_York","KATL","TRUE","FieldTurf","FOX",""
"7","Sunday","October 25, 2026","1:00 PM","CIN @ BAL","CIN","BAL","M&T Bank Stadium","Baltimore","39.2781","-76.6228","America/New_York","KBWI","FALSE","FieldTurf","CBS","22"
"7","Sunday","October 25, 2026","1:00 PM","TB @ CAR","TB","CAR","Bank of America Stadium","Charlotte","35.2258","-80.8528","America/New_York","KCLT","FALSE","FieldTurf","FOX","8"
"7","Sunday","October 25, 2026","1:00 PM","NYG @ HOU","NYG","HOU","NRG Stadium","Houston","29.6847","-95.4107","America/Chicago","KHOU","TRUE","Hellas Matrix Turf","FOX",""
"7","Sunday","October 25, 2026","1:00 PM","IND @ MIN","IND","MIN","U.S. Bank Stadium","Minneapolis","44.9736","-93.2582","America/Chicago","KMSP","TRUE","UBU Speed Series","CBS",""
"7","Sunday","October 25, 2026","1:00 PM","MIA @ NYJ","MIA","NYJ","MetLife Stadium","East Rutherford","40.8135","-74.0745","America/New_York","KEWR","FALSE","FieldTurf","CBS","22"
"7","Sunday","October 25, 2026","1:00 PM","CLE @ TEN","CLE","TEN","Nissan Stadium","Nashville","36.1665","-86.7713","America/New_York","KBNA","FALSE","Bermuda Grass","CBS","12"
"7","Sunday","October 25, 2026","4:05 PM","DEN @ ARI","DEN","ARI","State Farm Stadium","Glendale","33.5276","-112.2626","America/Phoenix","KPHX","TRUE","Grass","CBS",""
"7","Sunday","October 25, 2026","4:25 PM","GB @ DET","GB","DET","Ford Field","Detroit","42.34","-83.0456","America/New_York","KDTW","TRUE","FieldTurf","FOX",""
"7","Sunday","October 25, 2026","4:25 PM","LA @ LV","LA","LV","Allegiant Stadium","Las Vegas","36.0908","-115.1837","America/Los_Angeles","KLAS","TRUE","Bermuda Grass","FOX",""
"7","Sunday","October 25, 2026","8:20 PM","KC @ SEA","KC","SEA","Lumen Field","Seattle","47.5952","-122.3316","America/Los_Angeles","KSEA","FALSE","FieldTurf","NBC","170"
"7","Monday","October 26, 2026","8:15 PM","DAL @ PHI","DAL","PHI","Lincoln Financial Field","Philadelphia","39.9008","-75.1675","America/New_York","KPHL","FALSE","Hybrid Grass","ESPN","63"
"8","Thursday","October 29, 2026","8:15 PM","CAR @ GB","CAR","GB","Lambeau Field","Green Bay","44.5013","-88.0622","America/Chicago","KGRB","FALSE","SISGrass (Hybrid)","Prime Video","0"
"8","Sunday","November 01, 2026","1:00 PM","BAL @ BUF","BAL","BUF","Highmark Stadium","Orchard Park","42.7737","-78.7869","America/New_York","KBUF","FALSE","A-Turf Titan 50","CBS","47"
"8","Sunday","November 01, 2026","1:00 PM","TEN @ CIN","TEN","CIN","Paycor Stadium","Cincinnati","39.0954","-84.516","America/New_York","KCVG","FALSE","FieldTurf","CBS","11"
"8","Sunday","November 01, 2026","1:00 PM","ARI @ DAL","ARI","DAL","AT&T Stadium","Arlington","32.7479","-97.0929","America/Chicago","KGKY","TRUE","Hellas Matrix Turf","FOX",""
"8","Sunday","November 01, 2026","1:00 PM","MIN @ DET","MIN","DET","Ford Field","Detroit","42.34","-83.0456","America/New_York","KDTW","TRUE","FieldTurf","FOX",""
"8","Sunday","November 01, 2026","1:00 PM","IND @ JAX","IND","JAX","EverBank Stadium","Jacksonville","30.3239","-81.6373","America/New_York","KJAX","FALSE","Bermuda Grass","CBS","0"
"8","Sunday","November 01, 2026","1:00 PM","LV @ NYJ","LV","NYJ","MetLife Stadium","East Rutherford","40.8135","-74.0745","America/New_York","KEWR","FALSE","FieldTurf","CBS","22"
"8","Sunday","November 01, 2026","1:00 PM","CLE @ PIT","CLE","PIT","Acrisure Stadium","Pittsburgh","40.4468","-80.0158","America/New_York","KPIT","FALSE","Kentucky Bluegrass","CBS","28"
"8","Sunday","November 01, 2026","1:00 PM","ATL @ TB","ATL","TB","Raymond James Stadium","Tampa","27.9759","-82.5033","America/New_York","KTPA","FALSE","Bermuda Grass","FOX","14"
"8","Sunday","November 01, 2026","4:05 PM","LAC @ LA","LAC","LA","SoFi Stadium","Inglewood","33.9535","-118.3392","America/Los_Angeles","KLAX","TRUE","Hellas Matrix Turf","CBS",""
"8","Sunday","November 01, 2026","4:25 PM","KC @ DEN","KC","DEN","Empower Field at Mile High","Denver","39.7439","-105.0201","America/Denver","KDEN","FALSE","Kentucky Bluegrass","CBS","11"
"8","Sunday","November 01, 2026","4:25 PM","NE @ MIA","NE","MIA","Hard Rock Stadium","Miami Gardens","25.958","-80.2389","America/New_York","KOPF","FALSE","Bermuda Grass","CBS","19"
"8","Sunday","November 01, 2026","8:20 PM","PHI @ WAS","PHI","WAS","Northwest Stadium","Landover","38.9077","-76.8645","America/New_York","KDCA","FALSE","Bermuda Grass","NBC","77"
"8","Monday","November 02, 2026","8:15 PM","CHI @ SEA","CHI","SEA","Lumen Field","Seattle","47.5952","-122.3316","America/Los_Angeles","KSEA","FALSE","FieldTurf","ESPN","170"
"9","Thursday","November 05, 2026","8:15 PM","JAX @ BAL","JAX","BAL","M&T Bank Stadium","Baltimore","39.2781","-76.6228","America/New_York","KBWI","FALSE","FieldTurf","Prime Video","22"
"9","Sunday","November 08, 2026","9:30 AM","CIN @ ATL","CIN","ATL","Santiago Bernabéu","Madrid","40.4531","-3.6883","Europe/Madrid","LEMD","TRUE","Hybrid Grass","NFL Network",""
"9","Sunday","November 08, 2026","1:00 PM","DEN @ CAR","DEN","CAR","Bank of America Stadium","Charlotte","35.2258","-80.8528","America/New_York","KCLT","FALSE","FieldTurf","CBS","8"
"9","Sunday","November 08, 2026","1:00 PM","DAL @ IND","DAL","IND","Lucas Oil Stadium","Indianapolis","39.7601","-86.1639","America/Indiana/Indianapolis","KIND","TRUE","Shaw Sports Turf","FOX",""
"9","Sunday","November 08, 2026","1:00 PM","NYJ @ KC","NYJ","KC","GEHA Field at Arrowhead Stadium","Kansas City","39.0489","-94.4839","America/Chicago","KMCI","FALSE","Bermuda Grass","CBS","21"
"9","Sunday","November 08, 2026","1:00 PM","DET @ MIA","DET","MIA","Hard Rock Stadium","Miami Gardens","25.958","-80.2389","America/New_York","KOPF","FALSE","Bermuda Grass","FOX","19"
"9","Sunday","November 08, 2026","1:00 PM","CLE @ NO","CLE","NO","Caesars Superdome","New Orleans","29.951","-90.0812","America/Chicago","KMSY","TRUE","FieldTurf","CBS",""
"9","Sunday","November 08, 2026","1:00 PM","NYG @ PHI","NYG","PHI","Lincoln Financial Field","Philadelphia","39.9008","-75.1675","America/New_York","KPHL","FALSE","Hybrid Grass","FOX","63"
"9","Sunday","November 08, 2026","1:00 PM","LA @ WAS","LA","WAS","Northwest Stadium","Landover","38.9077","-76.8645","America/New_York","KDCA","FALSE","Bermuda Grass","FOX","77"
"9","Sunday","November 08, 2026","4:05 PM","HOU @ LAC","HOU","LAC","SoFi Stadium","Inglewood","33.9535","-118.3392","America/Los_Angeles","KLAX","TRUE","Hellas Matrix Turf","CBS",""
"9","Sunday","November 08, 2026","4:05 PM","LV @ SF","LV","SF","Levi's Stadium","Santa Clara","37.4033","-121.9697","America/Los_Angeles","KSJC","FALSE","Bermuda Grass","CBS","136"
"9","Sunday","November 08, 2026","4:25 PM","GB @ NE","GB","NE","Gillette Stadium","Foxborough","42.0909","-71.2643","America/New_York","KOWD","FALSE","Grass","FOX","22"
"9","Sunday","November 08, 2026","4:25 PM","ARI @ SEA","ARI","SEA","Lumen Field","Seattle","47.5952","-122.3316","America/Los_Angeles","KSEA","FALSE","FieldTurf","FOX","170"
"9","Sunday","November 08, 2026","8:20 PM","TB @ CHI","TB","CHI","Soldier Field","Chicago","41.8623","-87.6167","America/Chicago","KMDW","FALSE","Kentucky Bluegrass","NBC","0"
"9","Monday","November 09, 2026","8:15 PM","BUF @ MIN","BUF","MIN","U.S. Bank Stadium","Minneapolis","44.9736","-93.2582","America/Chicago","KMSP","TRUE","UBU Speed Series","ESPN",""
"10","Thursday","November 12, 2026","8:15 PM","WAS @ NYG","WAS","NYG","MetLife Stadium","East Rutherford","40.8135","-74.0745","America/New_York","KEWR","FALSE","FieldTurf","Prime Video","22"
"10","Sunday","November 15, 2026","9:30 AM","NE @ DET","NE","DET","FC Bayern Munich Arena","Munich","48.2188","11.6247","Europe/Berlin","EDDM","FALSE","Hybrid Grass","NFL Network","15"
"10","Sunday","November 15, 2026","1:00 PM","KC @ ATL","KC","ATL","Mercedes-Benz Stadium","Atlanta","33.7553","-84.4003","America/New_York","KATL","TRUE","FieldTurf","CBS",""
"10","Sunday","November 15, 2026","1:00 PM","HOU @ CLE","HOU","CLE","Huntington Bank Field","Cleveland","41.5061","-81.6995","America/New_York","KCLE","FALSE","Kentucky Bluegrass","CBS","168"
"10","Sunday","November 15, 2026","1:00 PM","MIN @ GB","MIN","GB","Lambeau Field","Green Bay","44.5013","-88.0622","America/Chicago","KGRB","FALSE","SISGrass (Hybrid)","FOX","0"
"10","Sunday","November 15, 2026","1:00 PM","MIA @ IND","MIA","IND","Lucas Oil Stadium","Indianapolis","39.7601","-86.1639","America/Indiana/Indianapolis","KIND","TRUE","Shaw Sports Turf","CBS",""
"10","Sunday","November 15, 2026","1:00 PM","CAR @ NO","CAR","NO","Caesars Superdome","New Orleans","29.951","-90.0812","America/Chicago","KMSY","TRUE","FieldTurf","FOX",""
"10","Sunday","November 15, 2026","1:00 PM","BUF @ NYJ","BUF","NYJ","MetLife Stadium","East Rutherford","40.8135","-74.0745","America/New_York","KEWR","FALSE","FieldTurf","CBS","22"
"10","Sunday","November 15, 2026","1:00 PM","JAX @ TEN","JAX","TEN","Nissan Stadium","Nashville","36.1665","-86.7713","America/New_York","KBNA","FALSE","Bermuda Grass","CBS","12"
"10","Sunday","November 15, 2026","4:05 PM","LA @ ARI","LA","ARI","State Farm Stadium","Glendale","33.5276","-112.2626","America/Phoenix","KPHX","TRUE","Grass","FOX",""
"10","Sunday","November 15, 2026","4:05 PM","SEA @ LV","SEA","LV","Allegiant Stadium","Las Vegas","36.0908","-115.1837","America/Los_Angeles","KLAS","TRUE","Bermuda Grass","FOX",""
"10","Sunday","November 15, 2026","4:25 PM","SF @ DAL","SF","DAL","AT&T Stadium","Arlington","32.7479","-97.0929","America/Chicago","KGKY","TRUE","Hellas Matrix Turf","FOX",""
"10","Sunday","November 15, 2026","8:20 PM","PIT @ CIN","PIT","CIN","Paycor Stadium","Cincinnati","39.0954","-84.516","America/New_York","KCVG","FALSE","FieldTurf","NBC","11"
"10","Monday","November 16, 2026","8:15 PM","LAC @ BAL","LAC","BAL","M&T Bank Stadium","Baltimore","39.2781","-76.6228","America/New_York","KBWI","FALSE","FieldTurf","ESPN","22"
"11","Thursday","November 19, 2026","8:15 PM","IND @ HOU","IND","HOU","NRG Stadium","Houston","29.6847","-95.4107","America/Chicago","KHOU","TRUE","Hellas Matrix Turf","Prime Video",""
"11","Sunday","November 22, 2026","1:00 PM","MIA @ BUF","MIA","BUF","Highmark Stadium","Orchard Park","42.7737","-78.7869","America/New_York","KBUF","FALSE","A-Turf Titan 50","CBS","47"
"11","Sunday","November 22, 2026","1:00 PM","BAL @ CAR","BAL","CAR","Bank of America Stadium","Charlotte","35.2258","-80.8528","America/New_York","KCLT","FALSE","FieldTurf","CBS","8"
"11","Sunday","November 22, 2026","1:00 PM","NO @ CHI","NO","CHI","Soldier Field","Chicago","41.8623","-87.6167","America/Chicago","KMDW","FALSE","Kentucky Bluegrass","FOX","0"
"11","Sunday","November 22, 2026","1:00 PM","TEN @ DAL","TEN","DAL","AT&T Stadium","Arlington","32.7479","-97.0929","America/Chicago","KGKY","TRUE","Hellas Matrix Turf","CBS",""
"11","Sunday","November 22, 2026","1:00 PM","TB @ DET","TB","DET","Ford Field","Detroit","42.34","-83.0456","America/New_York","KDTW","TRUE","FieldTurf","FOX",""
"11","Sunday","November 22, 2026","1:00 PM","ARI @ KC","ARI","KC","GEHA Field at Arrowhead Stadium","Kansas City","39.0489","-94.4839","America/Chicago","KMCI","FALSE","Bermuda Grass","FOX","21"
"11","Sunday","November 22, 2026","1:00 PM","JAX @ NYG","JAX","NYG","MetLife Stadium","East Rutherford","40.8135","-74.0745","America/New_York","KEWR","FALSE","FieldTurf","CBS","22"
"11","Sunday","November 22, 2026","4:05 PM","NYJ @ LAC","NYJ","LAC","SoFi Stadium","Inglewood","33.9535","-118.3392","America/Los_Angeles","KLAX","TRUE","Hellas Matrix Turf","CBS",""
"11","Sunday","November 22, 2026","4:25 PM","LV @ DEN","LV","DEN","Empower Field at Mile High","Denver","39.7439","-105.0201","America/Denver","KDEN","FALSE","Kentucky Bluegrass","CBS","11"
"11","Sunday","November 22, 2026","4:25 PM","PIT @ PHI","PIT","PHI","Lincoln Financial Field","Philadelphia","39.9008","-75.1675","America/New_York","KPHL","FALSE","Hybrid Grass","CBS","63"
"11","Sunday","November 22, 2026","8:20 PM","MIN @ SF","MIN","SF","Estadio Banorte","Monterrey","25.6866","-100.3161","America/Monterrey","MMMX","FALSE","Grass","NBC","15"
"11","Monday","November 23, 2026","8:15 PM","CIN @ WAS","CIN","WAS","Northwest Stadium","Landover","38.9077","-76.8645","America/New_York","KDCA","FALSE","Bermuda Grass","ESPN","77"
"12","Wednesday","November 25, 2026","8:00 PM","GB @ LA","GB","LA","SoFi Stadium","Inglewood","33.9535","-118.3392","America/Los_Angeles","KLAX","TRUE","Hellas Matrix Turf","Netflix",""
"12","Thursday","November 26, 2026","12:30 PM","CHI @ DET","CHI","DET","Ford Field","Detroit","42.34","-83.0456","America/New_York","KDTW","TRUE","FieldTurf","CBS",""
"12","Thursday","November 26, 2026","4:30 PM","PHI @ DAL","PHI","DAL","AT&T Stadium","Arlington","32.7479","-97.0929","America/Chicago","KGKY","TRUE","Hellas Matrix Turf","FOX",""
"12","Thursday","November 26, 2026","8:20 PM","KC @ BUF","KC","BUF","Highmark Stadium","Orchard Park","42.7737","-78.7869","America/New_York","KBUF","FALSE","A-Turf Titan 50","NBC","47"
"12","Friday","November 27, 2026","3:00 PM","DEN @ PIT","DEN","PIT","Acrisure Stadium","Pittsburgh","40.4468","-80.0158","America/New_York","KPIT","FALSE","Kentucky Bluegrass","Prime Video","28"
"12","Sunday","November 29, 2026","1:00 PM","NO @ CIN","NO","CIN","Paycor Stadium","Cincinnati","39.0954","-84.516","America/New_York","KCVG","FALSE","FieldTurf","FOX","11"
"12","Sunday","November 29, 2026","1:00 PM","LV @ CLE","LV","CLE","Huntington Bank Field","Cleveland","41.5061","-81.6995","America/New_York","KCLE","FALSE","Kentucky Bluegrass","CBS","168"
"12","Sunday","November 29, 2026","1:00 PM","BAL @ HOU","BAL","HOU","NRG Stadium","Houston","29.6847","-95.4107","America/Chicago","KHOU","TRUE","Hellas Matrix Turf","CBS",""
"12","Sunday","November 29, 2026","1:00 PM","NYG @ IND","NYG","IND","Lucas Oil Stadium","Indianapolis","39.7601","-86.1639","America/Indiana/Indianapolis","KIND","TRUE","Shaw Sports Turf","FOX",""
"12","Sunday","November 29, 2026","1:00 PM","NYJ @ MIA","NYJ","MIA","Hard Rock Stadium","Miami Gardens","25.958","-80.2389","America/New_York","KOPF","FALSE","Bermuda Grass","CBS","19"
"12","Sunday","November 29, 2026","1:00 PM","ATL @ MIN","ATL","MIN","U.S. Bank Stadium","Minneapolis","44.9736","-93.2582","America/Chicago","KMSP","TRUE","UBU Speed Series","FOX",""
"12","Sunday","November 29, 2026","4:05 PM","TEN @ JAX","TEN","JAX","EverBank Stadium","Jacksonville","30.3239","-81.6373","America/New_York","KJAX","FALSE","Bermuda Grass","CBS","0"
"12","Sunday","November 29, 2026","4:25 PM","WAS @ ARI","WAS","ARI","State Farm Stadium","Glendale","33.5276","-112.2626","America/Phoenix","KPHX","TRUE","Grass","FOX",""
"12","Sunday","November 29, 2026","4:25 PM","SEA @ SF","SEA","SF","Levi's Stadium","Santa Clara","37.4033","-121.9697","America/Los_Angeles","KSJC","FALSE","Bermuda Grass","FOX","136"
"12","Sunday","November 29, 2026","8:20 PM","NE @ LAC","NE","LAC","SoFi Stadium","Inglewood","33.9535","-118.3392","America/Los_Angeles","KLAX","TRUE","Hellas Matrix Turf","NBC",""
"12","Monday","November 30, 2026","8:15 PM","CAR @ TB","CAR","TB","Raymond James Stadium","Tampa","27.9759","-82.5033","America/New_York","KTPA","FALSE","Bermuda Grass","ESPN","14"
"13","Thursday","December 03, 2026","8:15 PM","KC @ LA","KC","LA","SoFi Stadium","Inglewood","33.9535","-118.3392","America/Los_Angeles","KLAX","TRUE","Hellas Matrix Turf","Prime Video",""
"13","Sunday","December 06, 2026","1:00 PM","DET @ ATL","DET","ATL","Mercedes-Benz Stadium","Atlanta","33.7553","-84.4003","America/New_York","KATL","TRUE","FieldTurf","FOX",""
"13","Sunday","December 06, 2026","1:00 PM","JAX @ CHI","JAX","CHI","Soldier Field","Chicago","41.8623","-87.6167","America/Chicago","KMDW","FALSE","Kentucky Bluegrass","CBS","0"
"13","Sunday","December 06, 2026","1:00 PM","CIN @ CLE","CIN","CLE","Huntington Bank Field","Cleveland","41.5061","-81.6995","America/New_York","KCLE","FALSE","Kentucky Bluegrass","CBS","168"
"13","Sunday","December 06, 2026","1:00 PM","GB @ NO","GB","NO","Caesars Superdome","New Orleans","29.951","-90.0812","America/Chicago","KMSY","TRUE","FieldTurf","FOX",""
"13","Sunday","December 06, 2026","1:00 PM","SF @ NYG","SF","NYG","MetLife Stadium","East Rutherford","40.8135","-74.0745","America/New_York","KEWR","FALSE","FieldTurf","FOX","22"
"13","Sunday","December 06, 2026","1:00 PM","LAC @ TB","LAC","TB","Raymond James Stadium","Tampa","27.9759","-82.5033","America/New_York","KTPA","FALSE","Bermuda Grass","CBS","14"
"13","Sunday","December 06, 2026","1:00 PM","WAS @ TEN","WAS","TEN","Nissan Stadium","Nashville","36.1665","-86.7713","America/New_York","KBNA","FALSE","Bermuda Grass","FOX","12"
"13","Sunday","December 06, 2026","4:05 PM","PHI @ ARI","PHI","ARI","State Farm Stadium","Glendale","33.5276","-112.2626","America/Phoenix","KPHX","TRUE","Grass","FOX",""
"13","Sunday","December 06, 2026","4:05 PM","MIA @ DEN","MIA","DEN","Empower Field at Mile High","Denver","39.7439","-105.0201","America/Denver","KDEN","FALSE","Kentucky Bluegrass","FOX","11"
"13","Sunday","December 06, 2026","4:25 PM","CAR @ MIN","CAR","MIN","U.S. Bank Stadium","Minneapolis","44.9736","-93.2582","America/Chicago","KMSP","TRUE","UBU Speed Series","FOX",""
"13","Sunday","December 06, 2026","4:25 PM","BUF @ NE","BUF","NE","Gillette Stadium","Foxborough","42.0909","-71.2643","America/New_York","KOWD","FALSE","Grass","CBS","22"
"13","Sunday","December 06, 2026","8:20 PM","HOU @ PIT","HOU","PIT","Acrisure Stadium","Pittsburgh","40.4468","-80.0158","America/New_York","KPIT","FALSE","Kentucky Bluegrass","NBC","28"
"13","Monday","December 07, 2026","8:15 PM","DAL @ SEA","DAL","SEA","Lumen Field","Seattle","47.5952","-122.3316","America/Los_Angeles","KSEA","FALSE","FieldTurf","ESPN","170"
"14","Thursday","December 10, 2026","8:15 PM","MIN @ NE","MIN","NE","Gillette Stadium","Foxborough","42.0909","-71.2643","America/New_York","KOWD","FALSE","Grass","Prime Video","22"
"14","Sunday","December 13, 2026","1:00 PM","TB @ BAL","TB","BAL","M&T Bank Stadium","Baltimore","39.2781","-76.6228","America/New_York","KBWI","FALSE","FieldTurf","FOX","22"
"14","Sunday","December 13, 2026","1:00 PM","NO @ CAR","NO","CAR","Bank of America Stadium","Charlotte","35.2258","-80.8528","America/New_York","KCLT","FALSE","FieldTurf","FOX","8"
"14","Sunday","December 13, 2026","1:00 PM","ATL @ CLE","ATL","CLE","Huntington Bank Field","Cleveland","41.5061","-81.6995","America/New_York","KCLE","FALSE","Kentucky Bluegrass","FOX","168"
"14","Sunday","December 13, 2026","1:00 PM","TEN @ DET","TEN","DET","Ford Field","Detroit","42.34","-83.0456","America/New_York","KDTW","TRUE","FieldTurf","CBS",""
"14","Sunday","December 13, 2026","1:00 PM","CHI @ MIA","CHI","MIA","Hard Rock Stadium","Miami Gardens","25.958","-80.2389","America/New_York","KOPF","FALSE","Bermuda Grass","FOX","19"
"14","Sunday","December 13, 2026","1:00 PM","DEN @ NYJ","DEN","NYJ","MetLife Stadium","East Rutherford","40.8135","-74.0745","America/New_York","KEWR","FALSE","FieldTurf","CBS","22"
"14","Sunday","December 13, 2026","1:00 PM","IND @ PHI","IND","PHI","Lincoln Financial Field","Philadelphia","39.9008","-75.1675","America/New_York","KPHL","FALSE","Hybrid Grass","CBS","63"
"14","Sunday","December 13, 2026","1:00 PM","HOU @ WAS","HOU","WAS","Northwest Stadium","Landover","38.9077","-76.8645","America/New_York","KDCA","FALSE","Bermuda Grass","CBS","77"
"14","Sunday","December 13, 2026","4:05 PM","LAC @ LV","LAC","LV","Allegiant Stadium","Las Vegas","36.0908","-115.1837","America/Los_Angeles","KLAS","TRUE","Bermuda Grass","CBS",""
"14","Sunday","December 13, 2026","4:25 PM","KC @ CIN","KC","CIN","Paycor Stadium","Cincinnati","39.0954","-84.516","America/New_York","KCVG","FALSE","FieldTurf","CBS","11"
"14","Sunday","December 13, 2026","4:25 PM","NYG @ SEA","NYG","SEA","Lumen Field","Seattle","47.5952","-122.3316","America/Los_Angeles","KSEA","FALSE","FieldTurf","FOX","170"
"14","Sunday","December 13, 2026","4:25 PM","LA @ SF","LA","SF","Levi's Stadium","Santa Clara","37.4033","-121.9697","America/Los_Angeles","KSJC","FALSE","Bermuda Grass","FOX","136"
"14","Sunday","December 13, 2026","8:20 PM","BUF @ GB","BUF","GB","Lambeau Field","Green Bay","44.5013","-88.0622","America/Chicago","KGRB","FALSE","SISGrass (Hybrid)","NBC","0"
"14","Monday","December 14, 2026","8:15 PM","PIT @ JAX","PIT","JAX","EverBank Stadium","Jacksonville","30.3239","-81.6373","America/New_York","KJAX","FALSE","Bermuda Grass","ESPN","0"
"15","Thursday","December 17, 2026","8:15 PM","SF @ LAC","SF","LAC","SoFi Stadium","Inglewood","33.9535","-118.3392","America/Los_Angeles","KLAX","TRUE","Hellas Matrix Turf","Prime Video",""
"15","Saturday","December 19, 2026","4:30 PM","SEA @ PHI","SEA","PHI","Lincoln Financial Field","Philadelphia","39.9008","-75.1675","America/New_York","KPHL","FALSE","Hybrid Grass","NFL Network","63"
"15","Saturday","December 19, 2026","8:15 PM","CHI @ BUF","CHI","BUF","Highmark Stadium","Orchard Park","42.7737","-78.7869","America/New_York","KBUF","FALSE","A-Turf Titan 50","NFL Network","47"
"15","Sunday","December 20, 2026","1:00 PM","CIN @ CAR","CIN","CAR","Bank of America Stadium","Charlotte","35.2258","-80.8528","America/New_York","KCLT","FALSE","FieldTurf","CBS","8"
"15","Sunday","December 20, 2026","1:00 PM","MIA @ GB","MIA","GB","Lambeau Field","Green Bay","44.5013","-88.0622","America/Chicago","KGRB","FALSE","SISGrass (Hybrid)","CBS","0"
"15","Sunday","December 20, 2026","1:00 PM","JAX @ HOU","JAX","HOU","NRG Stadium","Houston","29.6847","-95.4107","America/Chicago","KHOU","TRUE","Hellas Matrix Turf","CBS",""
"15","Sunday","December 20, 2026","1:00 PM","CLE @ NYG","CLE","NYG","MetLife Stadium","East Rutherford","40.8135","-74.0745","America/New_York","KEWR","FALSE","FieldTurf","FOX","22"
"15","Sunday","December 20, 2026","1:00 PM","BAL @ PIT","BAL","PIT","Acrisure Stadium","Pittsburgh","40.4468","-80.0158","America/New_York","KPIT","FALSE","Kentucky Bluegrass","CBS","28"
"15","Sunday","December 20, 2026","1:00 PM","NO @ TB","NO","TB","Raymond James Stadium","Tampa","27.9759","-82.5033","America/New_York","KTPA","FALSE","Bermuda Grass","FOX","14"
"15","Sunday","December 20, 2026","1:00 PM","IND @ TEN","IND","TEN","Nissan Stadium","Nashville","36.1665","-86.7713","America/New_York","KBNA","FALSE","Bermuda Grass","CBS","12"
"15","Sunday","December 20, 2026","1:00 PM","ATL @ WAS","ATL","WAS","Northwest Stadium","Landover","38.9077","-76.8645","America/New_York","KDCA","FALSE","Bermuda Grass","FOX","77"
"15","Sunday","December 20, 2026","4:05 PM","NYJ @ ARI","NYJ","ARI","State Farm Stadium","Glendale","33.5276","-112.2626","America/Phoenix","KPHX","TRUE","Grass","CBS",""
"15","Sunday","December 20, 2026","4:25 PM","DAL @ LA","DAL","LA","SoFi Stadium","Inglewood","33.9535","-118.3392","America/Los_Angeles","KLAX","TRUE","Hellas Matrix Turf","FOX",""
"15","Sunday","December 20, 2026","4:25 PM","DEN @ LV","DEN","LV","Allegiant Stadium","Las Vegas","36.0908","-115.1837","America/Los_Angeles","KLAS","TRUE","Bermuda Grass","CBS",""
"15","Sunday","December 20, 2026","8:20 PM","DET @ MIN","DET","MIN","U.S. Bank Stadium","Minneapolis","44.9736","-93.2582","America/Chicago","KMSP","TRUE","UBU Speed Series","NBC",""
"15","Monday","December 21, 2026","8:15 PM","NE @ KC","NE","KC","GEHA Field at Arrowhead Stadium","Kansas City","39.0489","-94.4839","America/Chicago","KMCI","FALSE","Bermuda Grass","ESPN","21"
"16","Thursday","December 24, 2026","8:15 PM","HOU @ PHI","HOU","PHI","Lincoln Financial Field","Philadelphia","39.9008","-75.1675","America/New_York","KPHL","FALSE","Hybrid Grass","Prime Video","63"
"16","Friday","December 25, 2026","1:00 PM","GB @ CHI","GB","CHI","Soldier Field","Chicago","41.8623","-87.6167","America/Chicago","KMDW","FALSE","Kentucky Bluegrass","Netflix","0"
"16","Friday","December 25, 2026","4:30 PM","BUF @ DEN","BUF","DEN","Empower Field at Mile High","Denver","39.7439","-105.0201","America/Denver","KDEN","FALSE","Kentucky Bluegrass","Netflix","11"
"16","Friday","December 25, 2026","8:15 PM","LA @ SEA","LA","SEA","Lumen Field","Seattle","47.5952","-122.3316","America/Los_Angeles","KSEA","FALSE","FieldTurf","Netflix","170"
"16","Sunday","December 27, 2026","1:00 PM","TB @ ATL","TB","ATL","Mercedes-Benz Stadium","Atlanta","33.7553","-84.4003","America/New_York","KATL","TRUE","FieldTurf","FOX",""
"16","Sunday","December 27, 2026","1:00 PM","CLE @ BAL","CLE","BAL","M&T Bank Stadium","Baltimore","39.2781","-76.6228","America/New_York","KBWI","FALSE","FieldTurf","CBS","22"
"16","Sunday","December 27, 2026","1:00 PM","CIN @ IND","CIN","IND","Lucas Oil Stadium","Indianapolis","39.7601","-86.1639","America/Indiana/Indianapolis","KIND","TRUE","Shaw Sports Turf","CBS",""
"16","Sunday","December 27, 2026","1:00 PM","LAC @ MIA","LAC","MIA","Hard Rock Stadium","Miami Gardens","25.958","-80.2389","America/New_York","KOPF","FALSE","Bermuda Grass","CBS","19"
"16","Sunday","December 27, 2026","1:00 PM","WAS @ MIN","WAS","MIN","U.S. Bank Stadium","Minneapolis","44.9736","-93.2582","America/Chicago","KMSP","TRUE","UBU Speed Series","FOX",""
"16","Sunday","December 27, 2026","1:00 PM","ARI @ NO","ARI","NO","Caesars Superdome","New Orleans","29.951","-90.0812","America/Chicago","KMSY","TRUE","FieldTurf","FOX",""
"16","Sunday","December 27, 2026","1:00 PM","NE @ NYJ","NE","NYJ","MetLife Stadium","East Rutherford","40.8135","-74.0745","America/New_York","KEWR","FALSE","FieldTurf","CBS","22"
"16","Sunday","December 27, 2026","1:00 PM","CAR @ PIT","CAR","PIT","Acrisure Stadium","Pittsburgh","40.4468","-80.0158","America/New_York","KPIT","FALSE","Kentucky Bluegrass","FOX","28"
"16","Sunday","December 27, 2026","4:05 PM","TEN @ LV","TEN","LV","Allegiant Stadium","Las Vegas","36.0908","-115.1837","America/Los_Angeles","KLAS","TRUE","Bermuda Grass","CBS",""
"16","Sunday","December 27, 2026","4:25 PM","SF @ KC","SF","KC","GEHA Field at Arrowhead Stadium","Kansas City","39.0489","-94.4839","America/Chicago","KMCI","FALSE","Bermuda Grass","FOX","21"
"16","Sunday","December 27, 2026","8:20 PM","JAX @ DAL","JAX","DAL","AT&T Stadium","Arlington","32.7479","-97.0929","America/Chicago","KGKY","TRUE","Hellas Matrix Turf","NBC",""
"16","Monday","December 28, 2026","8:15 PM","NYG @ DET","NYG","DET","Ford Field","Detroit","42.34","-83.0456","America/New_York","KDTW","TRUE","FieldTurf","ESPN",""
"17","Thursday","December 31, 2026","8:15 PM","BAL @ CIN","BAL","CIN","Paycor Stadium","Cincinnati","39.0954","-84.516","America/New_York","KCVG","FALSE","FieldTurf","Prime Video","11"
"17","Sunday","January 03, 2027","1:00 PM","NO @ ATL","NO","ATL","Mercedes-Benz Stadium","Atlanta","33.7553","-84.4003","America/New_York","KATL","TRUE","FieldTurf","FOX",""
"17","Sunday","January 03, 2027","1:00 PM","SEA @ CAR","SEA","CAR","Bank of America Stadium","Charlotte","35.2258","-80.8528","America/New_York","KCLT","FALSE","FieldTurf","FOX","8"
"17","Sunday","January 03, 2027","1:00 PM","IND @ CLE","IND","CLE","Huntington Bank Field","Cleveland","41.5061","-81.6995","America/New_York","KCLE","FALSE","Kentucky Bluegrass","CBS","168"
"17","Sunday","January 03, 2027","1:00 PM","NYG @ DAL","NYG","DAL","AT&T Stadium","Arlington","32.7479","-97.0929","America/Chicago","KGKY","TRUE","Hellas Matrix Turf","FOX",""
"17","Sunday","January 03, 2027","1:00 PM","WAS @ JAX","WAS","JAX","EverBank Stadium","Jacksonville","30.3239","-81.6373","America/New_York","KJAX","FALSE","Bermuda Grass","FOX","0"
"17","Sunday","January 03, 2027","1:00 PM","KC @ LAC","KC","LAC","SoFi Stadium","Inglewood","33.9535","-118.3392","America/Los_Angeles","KLAX","TRUE","Hellas Matrix Turf","CBS",""
"17","Sunday","January 03, 2027","1:00 PM","BUF @ MIA","BUF","MIA","Hard Rock Stadium","Miami Gardens","25.958","-80.2389","America/New_York","KOPF","FALSE","Bermuda Grass","CBS","19"
"17","Sunday","January 03, 2027","1:00 PM","DEN @ NE","DEN","NE","Gillette Stadium","Foxborough","42.0909","-71.2643","America/New_York","KOWD","FALSE","Grass","CBS","22"
"17","Sunday","January 03, 2027","1:00 PM","MIN @ NYJ","MIN","NYJ","MetLife Stadium","East Rutherford","40.8135","-74.0745","America/New_York","KEWR","FALSE","FieldTurf","FOX","22"
"17","Sunday","January 03, 2027","1:00 PM","LA @ TB","LA","TB","Raymond James Stadium","Tampa","27.9759","-82.5033","America/New_York","KTPA","FALSE","Bermuda Grass","FOX","14"
"17","Sunday","January 03, 2027","1:00 PM","PIT @ TEN","PIT","TEN","Nissan Stadium","Nashville","36.1665","-86.7713","America/New_York","KBNA","FALSE","Bermuda Grass","CBS","12"
"17","Sunday","January 03, 2027","4:05 PM","LV @ ARI","LV","ARI","State Farm Stadium","Glendale","33.5276","-112.2626","America/Phoenix","KPHX","TRUE","Grass","CBS",""
"17","Sunday","January 03, 2027","4:25 PM","DET @ CHI","DET","CHI","Soldier Field","Chicago","41.8623","-87.6167","America/Chicago","KMDW","FALSE","Kentucky Bluegrass","FOX","0"
"17","Sunday","January 03, 2027","8:20 PM","PHI @ SF","PHI","SF","Levi's Stadium","Santa Clara","37.4033","-121.9697","America/Los_Angeles","KSJC","FALSE","Bermuda Grass","NBC","136"
"17","Monday","January 04, 2027","8:15 PM","HOU @ GB","HOU","GB","Lambeau Field","Green Bay","44.5013","-88.0622","America/Chicago","KGRB","FALSE","SISGrass (Hybrid)","ESPN","0"
"18","Sunday","January 10, 2027","1:00 PM","SF @ ARI","SF","ARI","State Farm Stadium","Glendale","33.5276","-112.2626","America/Phoenix","KPHX","TRUE","Grass","TBD",""
"18","Sunday","January 10, 2027","1:00 PM","PIT @ BAL","PIT","BAL","M&T Bank Stadium","Baltimore","39.2781","-76.6228","America/New_York","KBWI","FALSE","FieldTurf","TBD","22"
"18","Sunday","January 10, 2027","1:00 PM","NYJ @ BUF","NYJ","BUF","Highmark Stadium","Orchard Park","42.7737","-78.7869","America/New_York","KBUF","FALSE","A-Turf Titan 50","TBD","47"
"18","Sunday","January 10, 2027","1:00 PM","ATL @ CAR","ATL","CAR","Bank of America Stadium","Charlotte","35.2258","-80.8528","America/New_York","KCLT","FALSE","FieldTurf","TBD","8"
"18","Sunday","January 10, 2027","1:00 PM","CLE @ CIN","CLE","CIN","Paycor Stadium","Cincinnati","39.0954","-84.516","America/New_York","KCVG","FALSE","FieldTurf","TBD","11"
"18","Sunday","January 10, 2027","1:00 PM","LAC @ DEN","LAC","DEN","Empower Field at Mile High","Denver","39.7439","-105.0201","America/Denver","KDEN","FALSE","Kentucky Bluegrass","TBD","11"
"18","Sunday","January 10, 2027","1:00 PM","DET @ GB","DET","GB","Lambeau Field","Green Bay","44.5013","-88.0622","America/Chicago","KGRB","FALSE","SISGrass (Hybrid)","TBD","0"
"18","Sunday","January 10, 2027","1:00 PM","TEN @ HOU","TEN","HOU","NRG Stadium","Houston","29.6847","-95.4107","America/Chicago","KHOU","TRUE","Hellas Matrix Turf","TBD",""
"18","Sunday","January 10, 2027","1:00 PM","JAX @ IND","JAX","IND","Lucas Oil Stadium","Indianapolis","39.7601","-86.1639","America/Indiana/Indianapolis","KIND","TRUE","Shaw Sports Turf","TBD",""
"18","Sunday","January 10, 2027","1:00 PM","LV @ KC","LV","KC","GEHA Field at Arrowhead Stadium","Kansas City","39.0489","-94.4839","America/Chicago","KMCI","FALSE","Bermuda Grass","TBD","21"
"18","Sunday","January 10, 2027","1:00 PM","SEA @ LA","SEA","LA","SoFi Stadium","Inglewood","33.9535","-118.3392","America/Los_Angeles","KLAX","TRUE","Hellas Matrix Turf","TBD",""
"18","Sunday","January 10, 2027","1:00 PM","CHI @ MIN","CHI","MIN","U.S. Bank Stadium","Minneapolis","44.9736","-93.2582","America/Chicago","KMSP","TRUE","UBU Speed Series","TBD",""
"18","Sunday","January 10, 2027","1:00 PM","MIA @ NE","MIA","NE","Gillette Stadium","Foxborough","42.0909","-71.2643","America/New_York","KOWD","FALSE","Grass","TBD","22"
"18","Sunday","January 10, 2027","1:00 PM","TB @ NO","TB","NO","Caesars Superdome","New Orleans","29.951","-90.0812","America/Chicago","KMSY","TRUE","FieldTurf","TBD",""
"18","Sunday","January 10, 2027","1:00 PM","PHI @ NYG","PHI","NYG","MetLife Stadium","East Rutherford","40.8135","-74.0745","America/New_York","KEWR","FALSE","FieldTurf","TBD","22"
"18","Sunday","January 10, 2027","1:00 PM","DAL @ WAS","DAL","WAS","Northwest Stadium","Landover","38.9077","-76.8645","America/New_York","KDCA","FALSE","Bermuda Grass","TBD","77"
